NSC,Drug_Name,ChEMBL_ID,SMILES,SMILES_Source,canonical_smiles,InChIKey,drug_id
740,Methotrexate,CHEMBL2074969,CN(Cc1cnc2nc(N)nc(N)c2n1)c1ccc(C(=O)N[C@@H](CCC(=O)N[C@@H](CCC(=O)N[C@@H](CCC(=O)N[C@@H](CCC(=O)O)C(=O)O)C(=O)O)C(=O)O)C(=O)O)cc1,ChEMBL,CN(Cc1cnc2nc(N)nc(N)c2n1)c1ccc(C(=O)N[C@@H](CCC(=O)N[C@@H](CCC(=O)N[C@@H](CCC(=O)N[C@@H](CCC(=O)O)C(=O)O)C(=O)O)C(=O)O)C(=O)O)cc1,UORBZCNWEGKEOP-CMOCDZPBSA-N,1
750,Busulfan,CHEMBL820,CS(=O)(=O)OCCCCOS(C)(=O)=O,ChEMBL,CS(=O)(=O)OCCCCOS(C)(=O)=O,COVZYZSDYWQREU-UHFFFAOYSA-N,2
752,Thioguanine,CHEMBL727,Nc1nc2[nH]cnc2c(=S)[nH]1,ChEMBL,Nc1nc2[nH]cnc2c(=S)[nH]1,WYWHKKSPHMUBEB-UHFFFAOYSA-N,3
755,Mercaptopurine,CHEMBL1425,Sc1ncnc2nc[nH]c12,ChEMBL,Sc1ncnc2nc[nH]c12,GLVAUDGFNGKCSF-UHFFFAOYSA-N,4
762,Mechlorethamine hydrochloride,CHEMBL1201001,CN(CCCl)CCCl.Cl,ChEMBL,CN(CCCl)CCCl.Cl,QZIQJVCYUQZDIR-UHFFFAOYSA-N,5
1390,Allopurinol,CHEMBL1467,Oc1ncnc2[nH]ncc12,ChEMBL,Oc1ncnc2[nH]ncc12,OFCNXPDARWKPPY-UHFFFAOYSA-N,6
3053,Dactinomycin,CHEMBL4748391,Cc1c2oc3c(C)ccc(C(=O)N[C@@H]4C(=O)N[C@@H](C(C)C)C(=O)N5CCC[C@H]5C(=O)N(C)CC(=O)N(C)[C@@H](C(C)C)C(=O)O[C@@H]4C)c3nc-2c(C(=O)N[C@@H]2C(=O)N[C@@H](C(C)C)C(=O)N3CCC[C@H]3C(=O)N(C)CC(=O)N(C)[C@@H](C(C)C)C(=O)O[C@@H]2C)c(N)c1=O,ChEMBL,Cc1c2oc3c(C)ccc(C(=O)N[C@@H]4C(=O)N[C@@H](C(C)C)C(=O)N5CCC[C@H]5C(=O)N(C)CC(=O)N(C)[C@@H](C(C)C)C(=O)O[C@@H]4C)c3nc-2c(C(=O)N[C@@H]2C(=O)N[C@@H](C(C)C)C(=O)N3CCC[C@H]3C(=O)N(C)CC(=O)N(C)[C@@H](C(C)C)C(=O)O[C@@H]2C)c(N)c1=O,RJURFGZVJUQBHK-DCUCITLNSA-N,7
3088,Chlorambucil,CHEMBL515,O=C(O)CCCc1ccc(N(CCCl)CCCl)cc1,ChEMBL,O=C(O)CCCc1ccc(N(CCCl)CCCl)cc1,JCKYGMPEJWAADB-UHFFFAOYSA-N,8
6396,Thiotepa,CHEMBL671,S=P(N1CC1)(N1CC1)N1CC1,ChEMBL,S=P(N1CC1)(N1CC1)N1CC1,FOCVUCIESVLUNU-UHFFFAOYSA-N,9
8806,Melphalan,CHEMBL1200863,Cl.N[C@@H](Cc1ccc(N(CCCl)CCCl)cc1)C(=O)O,ChEMBL,Cl.N[C@@H](Cc1ccc(N(CCCl)CCCl)cc1)C(=O)O,OUUYBRCCFUEMLH-YDALLXLXSA-N,10
9706,Triethylenemelamine,CHEMBL502384,C1CN1c1nc(N2CC2)nc(N2CC2)n1,ChEMBL,C1CN1c1nc(N2CC2)nc(N2CC2)n1,IUCJMVBFZDHPDX-UHFFFAOYSA-N,11
13875,Altretamine,CHEMBL1455,CN(C)c1nc(N(C)C)nc(N(C)C)n1,ChEMBL,CN(C)c1nc(N(C)C)nc(N(C)C)n1,UUVWYPNAQBNQJQ-UHFFFAOYSA-N,12
14229,Quinacrine hydrochloride,CHEMBL2105615,CCN(CC)CCCC(C)Nc1c2ccc(Cl)cc2nc2ccc(OC)cc12.Cl.Cl.O.O,ChEMBL,CCN(CC)CCCC(C)Nc1c2ccc(Cl)cc2nc2ccc(OC)cc12.Cl.Cl.O.O,RZFNKJVCPDLQQA-UHFFFAOYSA-N,13
18509,Aminolevulinic acid hydrochloride,CHEMBL1200582,Cl.NCC(=O)CCC(=O)O,ChEMBL,Cl.NCC(=O)CCC(=O)O,ZLHFONARZHCSET-UHFFFAOYSA-N,14
19893,Fluorouracil,CHEMBL185,O=c1[nH]cc(F)c(=O)[nH]1,ChEMBL,O=c1[nH]cc(F)c(=O)[nH]1,GHASVSINZRGABV-UHFFFAOYSA-N,15
24559,Plicamycin,CHEMBL509846,CO[C@H](C(=O)[C@@H](O)[C@@H](C)O)[C@@H]1Cc2cc3cc(O[C@H]4C[C@@H](O[C@H]5C[C@@H](O)[C@H](O)[C@@H](C)O5)[C@@H](O)[C@@H](C)O4)c(C)c(O)c3c(O)c2C(=O)[C@H]1O[C@H]1C[C@@H](O[C@H]2C[C@@H](O[C@H]3C[C@](C)(O)[C@H](O)[C@@H](C)O3)[C@H](O)[C@@H](C)O2)[C@H](O)[C@@H](C)O1,ChEMBL,CO[C@H](C(=O)[C@@H](O)[C@@H](C)O)[C@@H]1Cc2cc3cc(O[C@H]4C[C@@H](O[C@H]5C[C@@H](O)[C@H](O)[C@@H](C)O5)[C@@H](O)[C@@H](C)O4)c(C)c(O)c3c(O)c2C(=O)[C@H]1O[C@H]1C[C@@H](O[C@H]2C[C@@H](O[C@H]3C[C@](C)(O)[C@H](O)[C@@H](C)O3)[C@H](O)[C@@H](C)O2)[C@H](O)[C@@H](C)O1,CFCUWKMKBJTWLW-BGLFSJPPSA-N,16
25154,Pipobroman,CHEMBL1585,O=C(CCBr)N1CCN(C(=O)CCBr)CC1,ChEMBL,O=C(CCBr)N1CCN(C(=O)CCBr)CC1,NJBFOOCLYDNZJN-UHFFFAOYSA-N,17
26271,Cyclophosphamide,CHEMBL88,O=P1(N(CCCl)CCCl)NCCCO1,ChEMBL,O=P1(N(CCCl)CCCl)NCCCO1,CMSMOCZEIVJLDB-UHFFFAOYSA-N,18
26980,Mitomycin,CHEMBL105,CO[C@@]12[C@H](COC(N)=O)C3=C(C(=O)C(C)=C(N)C3=O)N1C[C@@H]1N[C@@H]12,ChEMBL,CO[C@@]12[C@H](COC(N)=O)C3=C(C(=O)C(C)=C(N)C3=O)N1C[C@@H]1N[C@@H]12,NWIBSHFKIJFRCO-WUDYKRTCSA-N,19
27640,Floxuridine,CHEMBL601287,N[C@@H](Cc1ccccc1)C(=O)OC[C@H]1O[C@@H](n2cc(F)c(=O)[nH]c2=O)C[C@@H]1O,ChEMBL,N[C@@H](Cc1ccccc1)C(=O)OC[C@H]1O[C@@H](n2cc(F)c(=O)[nH]c2=O)C[C@@H]1O,KRZLVZKHCSMHQZ-BYNSBNAKSA-N,20
32065,Hydroxyurea,CHEMBL467,NC(=O)NO,ChEMBL,NC(=O)NO,VSNHCAURESNICA-UHFFFAOYSA-N,21
34462,Uracil mustard,CHEMBL1488,Oc1ncc(N(CCCl)CCCl)c(O)n1,ChEMBL,Oc1ncc(N(CCCl)CCCl)c(O)n1,IDPUKCWIGUEADI-UHFFFAOYSA-N,22
38721,Mitotane,CHEMBL1670,Clc1ccc(C(c2ccccc2Cl)C(Cl)Cl)cc1,ChEMBL,Clc1ccc(C(c2ccccc2Cl)C(Cl)Cl)cc1,JWBOIMRXGHLCPP-UHFFFAOYSA-N,23
45388,Dacarbazine,CHEMBL476,CN(C)/N=N/c1[nH]cnc1C(N)=O,ChEMBL,CN(C)/N=N/c1[nH]cnc1C(N)=O,FDKXTQMXEQVLRF-ZHACJKMWSA-N,24
45923,Methoxsalen,CHEMBL416,COc1c2occc2cc2ccc(=O)oc12,ChEMBL,COc1c2occc2cc2ccc(=O)oc12,QXKHYNVANLEOEG-UHFFFAOYSA-N,25
49842,Vinblastine sulfate,CHEMBL376464,CC[C@]1(O)C[C@H]2CN(CCc3c([nH]c4ccccc34)[C@@](C(=O)OC)(c3cc4c(cc3OC)N(C)[C@H]3[C@@](O)(C(=O)OC)[C@H](OC(C)=O)[C@]5(CC)C=CCN6CC[C@]43[C@@H]65)C2)C1.O=S(=O)(O)O,ChEMBL,CC[C@]1(O)C[C@H]2CN(CCc3c([nH]c4ccccc34)[C@@](C(=O)OC)(c3cc4c(cc3OC)N(C)[C@H]3[C@@](O)(C(=O)OC)[C@H](OC(C)=O)[C@]5(CC)C=CCN6CC[C@]43[C@@H]65)C2)C1.O=S(=O)(O)O,KDQAABAKXDWYSZ-JKDPCDLQSA-N,26
63878,Cytarabine hydrochloride,CHEMBL1256472,Cl.Nc1ccn([C@@H]2O[C@H](CO)[C@@H](O)[C@@H]2O)c(=O)n1,ChEMBL,Cl.Nc1ccn([C@@H]2O[C@H](CO)[C@@H](O)[C@@H]2O)c(=O)n1,KCURWTAZOZXKSJ-JBMRGDGGSA-N,27
66847,Thalidomide,CHEMBL426123,O=C1CC[C@H](N2C(=O)c3ccccc3C2=O)C(=O)N1,ChEMBL,O=C1CC[C@H](N2C(=O)c3ccccc3C2=O)C(=O)N1,UEJJHQNACJXSKW-VIFPVBQESA-N,28
67574,Vincristine sulfate,CHEMBL501867,CC[C@]1(O)C[C@H]2CN(CCc3c([nH]c4ccccc34)[C@@](C(=O)OC)(c3cc4c(cc3OC)N(C=O)[C@H]3[C@@](O)(C(=O)OC)[C@H](OC(C)=O)[C@]5(CC)C=CCN6CC[C@]43[C@@H]65)C2)C1.O=S(=O)(O)O,ChEMBL,CC[C@]1(O)C[C@H]2CN(CCc3c([nH]c4ccccc34)[C@@](C(=O)OC)(c3cc4c(cc3OC)N(C=O)[C@H]3[C@@](O)(C(=O)OC)[C@H](OC(C)=O)[C@]5(CC)C=CCN6CC[C@]43[C@@H]65)C2)C1.O=S(=O)(O)O,AQTQHPDCURKLKT-JKDPCDLQSA-N,29
71423,Megestrol acetate,CHEMBL1201139,CC(=O)O[C@]1(C(C)=O)CC[C@H]2[C@@H]3C=C(C)C4=CC(=O)CC[C@]4(C)[C@H]3CC[C@@]21C,ChEMBL,CC(=O)O[C@]1(C(C)=O)CC[C@H]2[C@@H]3C=C(C)C4=CC(=O)CC[C@]4(C)[C@H]3CC[C@@]21C,RQZAXGRLVPAYTJ-GQFGMJRRSA-N,30
77213,Procarbazine hydrochloride,CHEMBL1200410,CNNCc1ccc(C(=O)NC(C)C)cc1.Cl,ChEMBL,CNNCc1ccc(C(=O)NC(C)C)cc1.Cl,DERJYEZSLHIUKF-UHFFFAOYSA-N,31
79037,Lomustine,CHEMBL514,O=NN(CCCl)C(=O)NC1CCCCC1,ChEMBL,O=NN(CCCl)C(=O)NC1CCCCC1,GQYIWUVLTXOXAJ-UHFFFAOYSA-N,32
82151,Daunorubicin hydrochloride,CHEMBL3247990,COc1cccc2c1C(=O)c1c(O)c3c(c(O)c1C2=O)C[C@@](O)(C(C)=O)C[C@@H]3O[C@H]1C[C@H](N(C)C)[C@H](O)[C@H](C)O1.Cl,ChEMBL,COc1cccc2c1C(=O)c1c(O)c3c(c(O)c1C2=O)C[C@@](O)(C(C)=O)C[C@@H]3O[C@H]1C[C@H](N(C)C)[C@H](O)[C@H](C)O1.Cl,LXUULYQZJJTFOD-FVSQGFDJSA-N,33
85998,Streptozocin,CHEMBL1977579,CN(N=O)C(=O)N[C@@H](C=O)[C@@H](O)[C@H](O)[C@H](O)CO,ChEMBL,CN(N=O)C(=O)N[C@@H](C=O)[C@@H](O)[C@H](O)[C@H](O)CO,AGRCPNMCOXLKFO-BDVNFPICSA-N,34
92859,Arsenic trioxide,CHEMBL5483015,O=[As][As+](=O)[O-],ChEMBL,O=[As][As+](=O)[O-],MOQADKPFYVWPSE-UHFFFAOYSA-N,35
102816,Azacitidine,CHEMBL1489,Nc1ncn([C@@H]2O[C@H](CO)[C@@H](O)[C@H]2O)c(=O)n1,ChEMBL,Nc1ncn([C@@H]2O[C@H](CO)[C@@H](O)[C@H]2O)c(=O)n1,NMUSYJAQQFHJEW-KVTDHHQDSA-N,36
105014,Cladribine,CHEMBL1619,Nc1nc(Cl)nc2c1ncn2[C@H]1C[C@H](O)[C@@H](CO)O1,ChEMBL,Nc1nc(Cl)nc2c1ncn2[C@H]1C[C@H](O)[C@@H](CO)O1,PTOAARAWEBMLNO-KVQBGUIXSA-N,37
109724,Ifosfamide,CHEMBL1024,O=P1(NCCCl)OCCCN1CCCl,ChEMBL,O=P1(NCCCl)OCCCN1CCCl,HOMGKSMUEGBAAB-UHFFFAOYSA-N,38
119875,Cisplatin,CHEMBL197201,N.N.Cl[Pt]Cl,PubChem,N.N.[Cl][Pt][Cl],LXZZYRPGZAFOLE-UHFFFAOYSA-L,39
122758,Tretinoin,CHEMBL2218871,CC1=C(/C=C/C(C)=C/C=C/C(C)=C/C(=O)Oc2c(C)c(C)c3c(c2C)CCC(C)(CCCC(C)CCCC(C)CCCC(C)C)O3)C(C)(C)CCC1,ChEMBL,CC1=C(/C=C/C(C)=C/C=C/C(C)=C/C(=O)Oc2c(C)c(C)c3c(c2C)CCC(C)(CCCC(C)CCCC(C)CCCC(C)C)O3)C(C)(C)CCC1,RIQIJXOWVAHQES-BUXFCOQUSA-N,40
122819,Teniposide,CHEMBL452231,COc1cc([C@@H]2c3cc4c(cc3[C@@H](O[C@@H]3O[C@@H]5CO[C@@H](c6cccs6)O[C@H]5[C@H](O)[C@H]3O)[C@H]3COC(=O)[C@H]23)OCO4)cc(OC)c1O,ChEMBL,COc1cc([C@@H]2c3cc4c(cc3[C@@H](O[C@@H]3O[C@@H]5CO[C@@H](c6cccs6)O[C@H]5[C@H](O)[C@H]3O)[C@H]3COC(=O)[C@H]23)OCO4)cc(OC)c1O,NRUKOCRGYNPUPR-QBPJDGROSA-N,41
123127,Doxorubicin hydrochloride,CHEMBL1095057,CCCCCCCC/C=C\CCCCCCCC(=O)N/N=C(\CO)[C@]1(O)Cc2c(O)c3c(c(O)c2[C@@H](O[C@H]2C[C@H](N)[C@H](O)[C@H](C)O2)C1)C(=O)c1c(OC)cccc1C3=O.Cl,ChEMBL,CCCCCCCC/C=C\CCCCCCCC(=O)N/N=C(\CO)[C@]1(O)Cc2c(O)c3c(c(O)c2[C@@H](O[C@H]2C[C@H](N)[C@H](O)[C@H](C)O2)C1)C(=O)c1c(OC)cccc1C3=O.Cl,LKDIMZQXHYIWOO-FZPFFLNWSA-N,42
125066,Bleomycin sulfate,CHEMBL6067493,CC1=C(N=C(N=C1N)C(CC(=O)N)NCC(C(=O)N)N)C(=O)NC(C(C2=CN=CN2)OC3C(C(C(C(O3)CO)O)O)OC4C(C(C(C(O4)CO)O)OC(=O)N)O)C(=O)NC(C)C(C(C)C(=O)NC(C(C)O)C(=O)NCCC5=NC(=CS5)C6=NC(=CS6)C(=O)NCCC[S+](C)C)O,PubChem,Cc1c(N)nc(C(CC(N)=O)NCC(N)C(N)=O)nc1C(=O)NC(C(=O)NC(C)C(O)C(C)C(=O)NC(C(=O)NCCc1nc(-c2nc(C(=O)NCCC[S+](C)C)cs2)cs1)C(C)O)C(OC1OC(CO)C(O)C(O)C1OC1OC(CO)C(O)C(OC(N)=O)C1O)c1cnc[nH]1,OYVAGSVQBOHSSS-UHFFFAOYSA-O,43
125973,Paclitaxel,CHEMBL428647,CC(=O)O[C@H]1C(=O)[C@@]2(C)[C@H]([C@H](OC(=O)c3ccccc3)[C@]3(O)C[C@H](OC(=O)[C@H](O)[C@@H](NC(=O)c4ccccc4)c4ccccc4)C(C)=C1C3(C)C)[C@]1(OC(C)=O)CO[C@@H]1C[C@@H]2O,ChEMBL,CC(=O)O[C@H]1C(=O)[C@@]2(C)[C@H]([C@H](OC(=O)c3ccccc3)[C@]3(O)C[C@H](OC(=O)[C@H](O)[C@@H](NC(=O)c4ccccc4)c4ccccc4)C(C)=C1C3(C)C)[C@]1(OC(C)=O)CO[C@@H]1C[C@@H]2O,RCINICONZNJXQF-MZXODVADSA-N,44
127716,Decitabine,CHEMBL1201129,Nc1ncn([C@H]2C[C@H](O)[C@@H](CO)O2)c(=O)n1,ChEMBL,Nc1ncn([C@H]2C[C@H](O)[C@@H](CO)O2)c(=O)n1,XAUDJQYHKZQPEU-KVQBGUIXSA-N,45
138783,bendamustine hydrochloride,CHEMBL1201734,Cl.Cn1c(CCCC(=O)O)nc2cc(N(CCCl)CCCl)ccc21,ChEMBL,Cl.Cn1c(CCCC(=O)O)nc2cc(N(CCCl)CCCl)ccc21,ZHSKUOZOLHMKEA-UHFFFAOYSA-N,46
141540,Etoposide,CHEMBL1200645,COc1cc([C@@H]2c3cc4c(cc3[C@@H](O[C@@H]3O[C@@H]5CO[C@@H](C)O[C@H]5[C@H](O)[C@H]3O)[C@H]3COC(=O)[C@H]23)OCO4)cc(OC)c1OP(=O)(O)O,ChEMBL,COc1cc([C@@H]2c3cc4c(cc3[C@@H](O[C@@H]3O[C@@H]5CO[C@@H](C)O[C@H]5[C@H](O)[C@H]3O)[C@H]3COC(=O)[C@H]23)OCO4)cc(OC)c1OP(=O)(O)O,LIQODXNTTZAGID-OCBXBXKTSA-N,47
169780,Dexrazoxane,CHEMBL1738,C[C@@H](CN1CC(=O)NC(=O)C1)N1CC(=O)NC(=O)C1,ChEMBL,C[C@@H](CN1CC(=O)NC(=O)C1)N1CC(=O)NC(=O)C1,BMKDZUISNHGIBY-ZETCQYMHSA-N,48
180973,Tamoxifen citrate,CHEMBL786,CC/C(=C(\c1ccccc1)c1ccc(OCCN(C)C)cc1)c1ccccc1.O=C(O)CC(O)(CC(=O)O)C(=O)O,ChEMBL,CC/C(=C(\c1ccccc1)c1ccc(OCCN(C)C)cc1)c1ccccc1.O=C(O)CC(O)(CC(=O)O)C(=O)O,FQZYTYWMLGAPFJ-OQKDUQJOSA-N,49
218321,Pentostatin,CHEMBL1580,OC[C@H]1O[C@@H](n2cnc3c2N=CNC[C@H]3O)C[C@@H]1O,ChEMBL,OC[C@H]1O[C@@H](n2cnc3c2N=CNC[C@H]3O)C[C@@H]1O,FPVKHBSQESCIEP-JQCXWYLXSA-N,50
226080,Sirolimus,CHEMBL263427,CO[C@H]1C[C@@H]2CC[C@@H](C)[C@@](O)(O2)C(=O)C(=O)N2CCCC[C@H]2C(=O)O[C@H]([C@H](C)C[C@@H]2CC[C@@H](O)[C@H](OC)C2)CC(=O)[C@H](C)/C=C(\C)[C@@H](OC(=O)CCCCCNc2ccc(N=[N+]=[N-])cc2[N+](=O)[O-])[C@@H](OC)C(=O)[C@H](C)C[C@H](C)/C=C/C=C/C=C/1C,ChEMBL,CO[C@H]1C[C@@H]2CC[C@@H](C)[C@@](O)(O2)C(=O)C(=O)N2CCCC[C@H]2C(=O)O[C@H]([C@H](C)C[C@@H]2CC[C@@H](O)[C@H](OC)C2)CC(=O)[C@H](C)/C=C(\C)[C@@H](OC(=O)CCCCCNc2ccc(N=[N+]=[N-])cc2[N+](=O)[O-])[C@@H](OC)C(=O)[C@H](C)C[C@H](C)/C=C/C=C/C=C/1C,DYQSJUSKTSERLL-GOEZBVCYSA-N,51
241240,Carboplatin,CHEMBL1351,C1CC(C1)(C(=O)O)C(=O)O.[NH2-].[NH2-].[Pt+2],PubChem,O=C(O)C1(C(=O)O)CCC1.[NH2-].[NH2-].[Pt+2],VSRXQHXAPYXROS-UHFFFAOYSA-N,52
246131,Valrubicin,CHEMBL1096885,CCCCC(=O)OCC(=O)[C@]1(O)Cc2c(O)c3c(c(O)c2[C@@H](O[C@H]2C[C@H](NC(=O)C(F)(F)F)[C@H](O)[C@H](C)O2)C1)C(=O)c1c(OC)cccc1C3=O,ChEMBL,CCCCC(=O)OCC(=O)[C@]1(O)Cc2c(O)c3c(c(O)c2[C@@H](O[C@H]2C[C@H](NC(=O)C(F)(F)F)[C@H](O)[C@H](C)O2)C1)C(=O)c1c(OC)cccc1C3=O,ZOCKGBMQLCSHFP-KQRAQHLDSA-N,53
266046,Oxaliplatin,CHEMBL414804,C1CCC(C(C1)[NH-])[NH-].C(=O)(C(=O)O)O.[Pt+2],PubChem,O=C(O)C(=O)O.[NH-]C1CCCCC1[NH-].[Pt+2],DRMCATBEKSVAPL-UHFFFAOYSA-N,54
279836,Mitoxantrone,CHEMBL1417019,Cl.Cl.O=C1c2c(O)ccc(O)c2C(=O)c2c(NCCNCCO)ccc(NCCNCCO)c21,ChEMBL,Cl.Cl.O=C1c2c(O)ccc(O)c2C(=O)c2c(NCCNCCO)ccc(NCCNCCO)c21,ZAHQPTJLOCWVPG-UHFFFAOYSA-N,55
296961,Amifostine,CHEMBL1006,NCCCNCCSP(=O)(O)O,ChEMBL,NCCCNCCSP(=O)(O)O,JKOQGQFVAUAYPM-UHFFFAOYSA-N,56
362856,Temozolomide,CHEMBL810,Cn1nnc2c(C(N)=O)ncn2c1=O,ChEMBL,Cn1nnc2c(C(N)=O)ncn2c1=O,BPEGJWRSRHCHSN-UHFFFAOYSA-N,57
369100,Imiquimod,CHEMBL1282,CC(C)Cn1cnc2c(N)nc3ccccc3c21,ChEMBL,CC(C)Cn1cnc2c(N)nc3ccccc3c21,DOUYETYNHWVLEO-UHFFFAOYSA-N,58
409962,Carmustine,CHEMBL513,O=NN(CCCl)C(=O)NCCCl,ChEMBL,O=NN(CCCl)C(=O)NCCCl,DLGOEMSEDOSKAD-UHFFFAOYSA-N,59
606869,Clofarabine,CHEMBL1750,Nc1nc(Cl)nc2c1ncn2[C@@H]1O[C@H](CO)[C@@H](O)[C@@H]1F,ChEMBL,Nc1nc(Cl)nc2c1ncn2[C@@H]1O[C@H](CO)[C@@H](O)[C@@H]1F,WDDPHFBMKLOVOX-AYQXTPAHSA-N,60
608210,Vinorelbine tartrate,CHEMBL538943,CCC1=C[C@@H]2CN(C1)Cc1c([nH]c3ccccc13)[C@@](C(=O)OC)(c1cc3c(cc1OC)N(C)[C@H]1[C@@](O)(C(=O)OC)[C@H](OC(C)=O)[C@]4(CC)C=CCN5CC[C@]31[C@@H]54)C2.O=C(O)C(O)C(O)C(=O)O.O=C(O)C(O)C(O)C(=O)O,ChEMBL,CCC1=C[C@@H]2CN(C1)Cc1c([nH]c3ccccc13)[C@@](C(=O)OC)(c1cc3c(cc1OC)N(C)[C@H]1[C@@](O)(C(=O)OC)[C@H](OC(C)=O)[C@]4(CC)C=CCN5CC[C@]31[C@@H]54)C2.O=C(O)C(O)C(O)C(=O)O.O=C(O)C(O)C(O)C(=O)O,CILBMBUYJCWATM-UDRBCWGGSA-N,61
609699,Topotecan hydrochloride,CHEMBL1607,CC[C@@]1(O)C(=O)OCc2c1cc1n(c2=O)Cc2cc3c(CN(C)C)c(O)ccc3nc2-1.Cl,ChEMBL,CC[C@@]1(O)C(=O)OCc2c1cc1n(c2=O)Cc2cc3c(CN(C)C)c(O)ccc3nc2-1.Cl,DGHHQBMTXTWTJV-BQAIUKQQSA-N,62
613327,Gemcitabine hydrochloride,CHEMBL1637,Cl.Nc1ccn([C@@H]2O[C@H](CO)[C@@H](O)C2(F)F)c(=O)n1,ChEMBL,Cl.Nc1ccn([C@@H]2O[C@H](CO)[C@@H](O)C2(F)F)c(=O)n1,OKKDEIYWILRZIA-OSZBKLCCSA-N,63
628503,Docetaxel,CHEMBL92,CC(=O)O[C@@]12CO[C@@H]1C[C@H](O)[C@@]1(C)C(=O)[C@H](O)C3=C(C)[C@@H](OC(=O)[C@H](O)[C@@H](NC(=O)OC(C)(C)C)c4ccccc4)C[C@@](O)([C@@H](OC(=O)c4ccccc4)[C@H]21)C3(C)C,ChEMBL,CC(=O)O[C@@]12CO[C@@H]1C[C@H](O)[C@@]1(C)C(=O)[C@H](O)C3=C(C)[C@@H](OC(=O)[C@H](O)[C@@H](NC(=O)OC(C)(C)C)c4ccccc4)C[C@@](O)([C@@H](OC(=O)c4ccccc4)[C@H]21)C3(C)C,ZDZOTLJHXYCWBA-VCVYQWHSSA-N,64
681239,Bortezomib,CHEMBL325041,CC(C)C[C@H](NC(=O)[C@H](Cc1ccccc1)NC(=O)c1cnccn1)B(O)O,ChEMBL,CC(C)C[C@H](NC(=O)[C@H](Cc1ccccc1)NC(=O)c1cnccn1)B(O)O,GXJABQQUPOEUTA-RDJZCZTQSA-N,65
686673,Nelarabine,CHEMBL1201112,COc1nc(N)nc2c1ncn2[C@@H]1O[C@H](CO)[C@@H](O)[C@@H]1O,ChEMBL,COc1nc(N)nc2c1ncn2[C@@H]1O[C@H](CO)[C@@H](O)[C@@H]1O,IXOXBSCIXZEQEQ-UHTZMRCNSA-N,66
698037,Pemetrexed Disodium ,CHEMBL2360464,Nc1nc2[nH]cc(CCc3ccc(C(=O)N[C@@H](CCC(=O)[O-])C(=O)[O-])cc3)c2c(=O)[nH]1.[Na+].[Na+],ChEMBL,Nc1nc2[nH]cc(CCc3ccc(C(=O)N[C@@H](CCC(=O)[O-])C(=O)[O-])cc3)c2c(=O)[nH]1.[Na+].[Na+],NYDXNILOWQXUOF-GXKRWWSZSA-L,67
701852,Vorinostat,CHEMBL98,O=C(CCCCCCC(=O)Nc1ccccc1)NO,ChEMBL,O=C(CCCCCCC(=O)Nc1ccccc1)NO,WAEXFXRVDQXREF-UHFFFAOYSA-N,68
702294,Estramustine phosphate sodium,CHEMBL1200721,C[C@]12CC[C@@H]3c4ccc(OC(=O)N(CCCl)CCCl)cc4CC[C@H]3[C@@H]1CC[C@@H]2OP(=O)([O-])[O-].[Na+].[Na+],ChEMBL,C[C@]12CC[C@@H]3c4ccc(OC(=O)N(CCCl)CCCl)cc4CC[C@H]3[C@@H]1CC[C@@H]2OP(=O)([O-])[O-].[Na+].[Na+],IIUMCNJTGSMNRO-VVSKJQCTSA-L,69
712807,Capecitabine,CHEMBL1773,CCCCCOC(=O)Nc1nc(=O)n([C@@H]2O[C@H](C)[C@@H](O)[C@H]2O)cc1F,ChEMBL,CCCCCOC(=O)Nc1nc(=O)n([C@@H]2O[C@H](C)[C@@H](O)[C@H]2O)cc1F,GAGWJHPBXLXJQN-UORFTKCHSA-N,70
713563,Exemestane,CHEMBL1200374,C=C1C[C@@H]2[C@H](CC[C@]3(C)C(=O)CC[C@@H]23)[C@@]2(C)C=CC(=O)C=C12,ChEMBL,C=C1C[C@@H]2[C@H](CC[C@]3(C)C(=O)CC[C@@H]23)[C@@]2(C)C=CC(=O)C=C12,BFYIZQONLCFLEV-DAELLWKTSA-N,71
715055,Gefitinib,CHEMBL939,COc1cc2ncnc(Nc3ccc(F)c(Cl)c3)c2cc1OCCCN1CCOCC1,ChEMBL,COc1cc2ncnc(Nc3ccc(F)c(Cl)c3)c2cc1OCCCN1CCOCC1,XGALLCVXEZPNRQ-UHFFFAOYSA-N,72
718781,Erlotinib hydrochloride,CHEMBL1079742,C#Cc1cccc(Nc2ncnc3cc(OCCOC)c(OCCOC)cc23)c1.Cl,ChEMBL,C#Cc1cccc(Nc2ncnc3cc(OCCOC)c(OCCOC)cc23)c1.Cl,GTTBEUCJPZQMDZ-UHFFFAOYSA-N,73
719276,Fulvestrant,CHEMBL4760678,C[C@]12CC[C@@H]3c4ccc(O)cc4C[C@@H](CCCCCCCCC[S@+]([O-])CCCC(F)(F)C(F)(F)F)[C@H]3[C@@H]1CC[C@@H]2O,ChEMBL,C[C@]12CC[C@@H]3c4ccc(O)cc4C[C@@H](CCCCCCCCC[S@+]([O-])CCCC(F)(F)C(F)(F)F)[C@H]3[C@@H]1CC[C@@H]2O,VWUXBMIQPBEWFH-GXZKXCMSSA-N,74
719345,Letrozole,CHEMBL1444,N#Cc1ccc(C(c2ccc(C#N)cc2)n2cncn2)cc1,ChEMBL,N#Cc1ccc(C(c2ccc(C#N)cc2)n2cncn2)cc1,HPJKCIUCZWXJDR-UHFFFAOYSA-N,75
719627,Celecoxib,CHEMBL118,Cc1ccc(-c2cc(C(F)(F)F)nn2-c2ccc(S(N)(=O)=O)cc2)cc1,ChEMBL,Cc1ccc(-c2cc(C(F)(F)F)nn2-c2ccc(S(N)(=O)=O)cc2)cc1,RZEKVGVHFLEQIL-UHFFFAOYSA-N,76
721517,Zoledronic acid,CHEMBL4303669,O.O=P(O)(O)C(O)(Cn1ccnc1)P(=O)(O)O,ChEMBL,O.O=P(O)(O)C(O)(Cn1ccnc1)P(=O)(O)O,FUXFIVRTGHOMSO-UHFFFAOYSA-N,77
732517,Dasatinib,CHEMBL1421,Cc1nc(Nc2ncc(C(=O)Nc3c(C)cccc3Cl)s2)cc(N2CCN(CCO)CC2)n1,ChEMBL,Cc1nc(Nc2ncc(C(=O)Nc3c(C)cccc3Cl)s2)cc(N2CCN(CCO)CC2)n1,ZBNZXTGUTAYRHI-UHFFFAOYSA-N,78
733504,Everolimus,CHEMBL1908360,CO[C@H]1C[C@@H]2CC[C@@H](C)[C@@](O)(O2)C(=O)C(=O)N2CCCC[C@H]2C(=O)O[C@H]([C@H](C)C[C@@H]2CC[C@@H](OCCO)[C@H](OC)C2)CC(=O)[C@H](C)/C=C(\C)[C@@H](O)[C@@H](OC)C(=O)[C@H](C)C[C@H](C)/C=C/C=C/C=C/1C,ChEMBL,CO[C@H]1C[C@@H]2CC[C@@H](C)[C@@](O)(O2)C(=O)C(=O)N2CCCC[C@H]2C(=O)O[C@H]([C@H](C)C[C@@H]2CC[C@@H](OCCO)[C@H](OC)C2)CC(=O)[C@H](C)/C=C(\C)[C@@H](O)[C@@H](OC)C(=O)[C@H](C)C[C@H](C)/C=C/C=C/C=C/1C,HKVAMNSJSFKALM-GKUWKFKPSA-N,79
743414,Imatinib mesylate,CHEMBL1642,CS(=O)(=O)O.Cc1ccc(NC(=O)c2ccc(CN3CCN(C)CC3)cc2)cc1Nc1nccc(-c2cccnc2)n1,ChEMBL,CS(=O)(=O)O.Cc1ccc(NC(=O)c2ccc(CN3CCN(C)CC3)cc2)cc1Nc1nccc(-c2cccnc2)n1,YLMAHDNUQAMNNX-UHFFFAOYSA-N,80
745750,Lapatinib ditosylate,CHEMBL1201179,CS(=O)(=O)CCNCc1ccc(-c2ccc3ncnc(Nc4ccc(OCc5cccc(F)c5)c(Cl)c4)c3c2)o1.Cc1ccc(S(=O)(=O)O)cc1.Cc1ccc(S(=O)(=O)O)cc1.O,ChEMBL,CS(=O)(=O)CCNCc1ccc(-c2ccc3ncnc(Nc4ccc(OCc5cccc(F)c5)c(Cl)c4)c3c2)o1.Cc1ccc(S(=O)(=O)O)cc1.Cc1ccc(S(=O)(=O)O)cc1.O,XNRVGTHNYCNCFF-UHFFFAOYSA-N,81
747599,Nilotinib,CHEMBL255863,Cc1cn(-c2cc(NC(=O)c3ccc(C)c(Nc4nccc(-c5cccnc5)n4)c3)cc(C(F)(F)F)c2)cn1,ChEMBL,Cc1cn(-c2cc(NC(=O)c3ccc(C)c(Nc4nccc(-c5cccnc5)n4)c3)cc(C(F)(F)F)c2)cn1,HHZIURLSWUIHRB-UHFFFAOYSA-N,82
747971,Sorafenib tosylate,CHEMBL1200485,CNC(=O)c1cc(Oc2ccc(NC(=O)Nc3ccc(Cl)c(C(F)(F)F)c3)cc2)ccn1.Cc1ccc(S(=O)(=O)O)cc1,ChEMBL,CNC(=O)c1cc(Oc2ccc(NC(=O)Nc3ccc(Cl)c(C(F)(F)F)c3)cc2)ccn1.Cc1ccc(S(=O)(=O)O)cc1,IVDHYUQIDRJSTI-UHFFFAOYSA-N,83
747972,Lenalidomide,CHEMBL848,Nc1cccc2c1CN(C1CCC(=O)NC1=O)C2=O,ChEMBL,Nc1cccc2c1CN(C1CCC(=O)NC1=O)C2=O,GOTYRUGSSMKFNF-UHFFFAOYSA-N,84
747973,Ixabepilone,CHEMBL1201752,C/C(=C\c1csc(C)n1)[C@@H]1C[C@@H]2O[C@]2(C)CCC[C@H](C)[C@H](O)[C@@H](C)C(=O)C(C)(C)[C@@H](O)CC(=O)N1,ChEMBL,C/C(=C\c1csc(C)n1)[C@@H]1C[C@@H]2O[C@]2(C)CCC[C@H](C)[C@H](O)[C@@H](C)C(=O)C(C)(C)[C@@H](O)CC(=O)N1,FABUFPQFXZVHFB-PVYNADRNSA-N,85
747974,Raloxifene hydrochloride,CHEMBL1116,Cl.O=C(c1ccc(OCCN2CCCCC2)cc1)c1c(-c2ccc(O)cc2)sc2cc(O)ccc12,ChEMBL,Cl.O=C(c1ccc(OCCN2CCCCC2)cc1)c1c(-c2ccc(O)cc2)sc2cc(O)ccc12,BKXVVCILCIUCLG-UHFFFAOYSA-N,86
755986,Vismodegib,CHEMBL473417,CS(=O)(=O)c1ccc(C(=O)Nc2ccc(Cl)c(-c3ccccn3)c2)c(Cl)c1,ChEMBL,CS(=O)(=O)c1ccc(C(=O)Nc2ccc(Cl)c(-c3ccccn3)c2)c(Cl)c1,BPQMGSKTAYIVFO-UHFFFAOYSA-N,87
761432,Cabazitaxel,CHEMBL1201748,CO[C@H]1C(=O)[C@]2(C)[C@@H](OC)C[C@H]3OC[C@@]3(OC(C)=O)[C@H]2[C@H](OC(=O)c2ccccc2)[C@]2(O)C[C@H](OC(=O)[C@H](O)[C@@H](NC(=O)OC(C)(C)C)c3ccccc3)C(C)=C1C2(C)C,ChEMBL,CO[C@H]1C(=O)[C@]2(C)[C@@H](OC)C[C@H]3OC[C@@]3(OC(C)=O)[C@H]2[C@H](OC(=O)c2ccccc2)[C@]2(O)C[C@H](OC(=O)[C@H](O)[C@@H](NC(=O)OC(C)(C)C)c3ccccc3)C(C)=C1C2(C)C,BMQGVNUXMIRLCK-OAGWZNDDSA-N,88
118218,2-Fluoro Ara-A,CHEMBL4570249,Nc1nc(F)nc2c1ncn2[C@@H]1O[C@H](COP(=O)(O)OP(=O)(O)OP(=O)(O)O)[C@@H](O)[C@@H]1O,ChEMBL,Nc1nc(F)nc2c1ncn2[C@@H]1O[C@H](COP(=O)(O)OP(=O)(O)OP(=O)(O)O)[C@@H](O)[C@@H]1O,PIOKUWLZUXUBCO-FJFJXFQQSA-N,89
256439,Idarubicin hydrochloride,CHEMBL1200976,CC(=O)[C@]1(O)Cc2c(O)c3c(c(O)c2[C@@H](O[C@H]2C[C@H](N)[C@H](O)[C@H](C)O2)C1)C(=O)c1ccccc1C3=O.Cl,ChEMBL,CC(=O)[C@]1(O)Cc2c(O)c3c(c(O)c2[C@@H](O[C@H]2C[C@H](N)[C@H](O)[C@H](C)O2)C1)C(=O)c1ccccc1C3=O.Cl,JVHPTYWUBOQMBP-RVFAQHLVSA-N,90
256942,4'-Epiadriamycin,CHEMBL3508148,CC1C(C(CC(O1)OC2CC(CC3=C2C(=C4C(=C3O)C(=O)C5=C(C4=O)C(=CC=C5)OC)O)(C(=O)CO)O)N)O,PubChem,COc1cccc2c1C(=O)c1c(O)c3c(c(O)c1C2=O)CC(O)(C(=O)CO)CC3OC1CC(N)C(O)C(C)O1,AOJJSUZBOXZQNB-UHFFFAOYSA-N,91
673596,7-Ethyl-10-hydroxycamptothecin,CHEMBL273862,CC[C@@]1(O)C(=O)OCc2c1cc1n(c2=O)Cc2cc3cc(O)ccc3nc2-1,ChEMBL,CC[C@@]1(O)C(=O)OCc2c1cc1n(c2=O)Cc2cc3cc(O)ccc3nc2-1,HAWSQZCWOQZXHI-FQEVSTJZSA-N,92
719344,Anastrozole,CHEMBL1399,CC(C)(C#N)c1cc(Cn2cncn2)cc(C(C)(C)C#N)c1,ChEMBL,CC(C)(C#N)c1cc(Cn2cncn2)cc(C(C)(C)C#N)c1,YBBLVLTVTVSKRW-UHFFFAOYSA-N,93
749226,Abiraterone,CHEMBL271227,CC(=O)O[C@H]1CC[C@@]2(C)C(=CC[C@@H]3[C@@H]2CC[C@]2(C)C(c4cccnc4)=CC[C@@H]32)C1,ChEMBL,CC(=O)O[C@H]1CC[C@@]2(C)C(=CC[C@@H]3[C@@H]2CC[C@]2(C)C(c4cccnc4)=CC[C@@H]32)C1,UVIQSJCZCSLXRZ-UBUQANBQSA-N,94
750690,Sunitinib (free base),CHEMBL1087641,CCCCCCCCC(=O)N[C@H](CN1CCCC1)[C@H](O)c1ccc2c(c1)OCCO2,ChEMBL,CCCCCCCCC(=O)N[C@H](CN1CCCC1)[C@H](O)c1ccc2c(c1)OCCO2,JMNXWOFCUJJYEO-HYBUGGRVSA-N,95
754143,Romidepsin,CHEMBL343448,C/C=C1\NC(=O)[C@H]2CSSCC/C=C/[C@H](CC(=O)N[C@H](C(C)C)C(=O)N2)OC(=O)[C@H](C(C)C)NC1=O,ChEMBL,C/C=C1\NC(=O)[C@H]2CSSCC/C=C/[C@H](CC(=O)N[C@H](C(C)C)C(=O)N2)OC(=O)[C@H](C(C)C)NC1=O,OHRURASPPZQGQM-GCCNXGTGSA-N,96
754230,pralatrexate,CHEMBL1201746,C#CCC(Cc1cnc2nc(N)nc(N)c2n1)c1ccc(C(=O)N[C@@H](CCC(=O)O)C(=O)O)cc1,ChEMBL,C#CCC(Cc1cnc2nc(N)nc(N)c2n1)c1ccc(C(=O)N[C@@H](CCC(=O)O)C(=O)O)cc1,OGSBUKJUDHAQEA-WMCAAGNKSA-N,97
756645,Crizotinib,CHEMBL601719,C[C@@H](Oc1cc(-c2cnn(C3CCNCC3)c2)cnc1N)c1c(Cl)ccc(F)c1Cl,ChEMBL,C[C@@H](Oc1cc(-c2cnn(C3CCNCC3)c2)cnc1N)c1c(Cl)ccc(F)c1Cl,KTEIFNKAUNYNJU-GFCCVEGCSA-N,98
757441,Axitinib,CHEMBL1289926,CNC(=O)c1ccccc1Sc1ccc2c(/C=C/c3ccccn3)n[nH]c2c1,ChEMBL,CNC(=O)c1ccccc1Sc1ccc2c(/C=C/c3ccccn3)n[nH]c2c1,RITAVMQDGBJQJZ-FMIVXFBMSA-N,99
760766,Vandetanib,CHEMBL6054362,Cc1cc2c(Nc3ccc(Br)cc3F)ncnc2cc1OCC1CCN(C)CC1,ChEMBL,Cc1cc2c(Nc3ccc(Br)cc3F)ncnc2cc1OCC1CCN(C)CC1,HHXNFVOVAOZPLV-UHFFFAOYSA-N,100
761431,vemurafenib,CHEMBL1229517,CCCS(=O)(=O)Nc1ccc(F)c(C(=O)c2c[nH]c3ncc(-c4ccc(Cl)cc4)cc23)c1F,ChEMBL,CCCS(=O)(=O)Nc1ccc(F)c(C(=O)c2c[nH]c3ncc(-c4ccc(Cl)cc4)cc23)c1F,GPXBXXGIAQBQNI-UHFFFAOYSA-N,101
707389,Eribulin mesylate,CHEMBL1683544,C=C1C[C@@H]2CC[C@@]34C[C@H]5O[C@H]6[C@@H](O3)[C@H]3O[C@H](CC[C@@H]3O[C@H]6[C@H]5O4)CC(=O)C[C@@H]3[C@@H](OC)[C@@H](C[C@H](O)CN)O[C@H]3C[C@H]3O[C@@H](CC[C@@H]1O2)C[C@@H](C)C3=C.CS(=O)(=O)O,ChEMBL,C=C1C[C@@H]2CC[C@@]34C[C@H]5O[C@H]6[C@@H](O3)[C@H]3O[C@H](CC[C@@H]3O[C@H]6[C@H]5O4)CC(=O)C[C@@H]3[C@@H](OC)[C@@H](C[C@H](O)CN)O[C@H]3C[C@H]3O[C@@H](CC[C@@H]1O2)C[C@@H](C)C3=C.CS(=O)(=O)O,QAMYWGZHLCQOOJ-WRNBYXCMSA-N,102
737754,Pazopanib hydrochloride,CHEMBL1201733,Cc1ccc(Nc2nccc(N(C)c3ccc4c(C)n(C)nc4c3)n2)cc1S(N)(=O)=O.Cl,ChEMBL,Cc1ccc(Nc2nccc(N(C)c3ccc4c(C)n(C)nc4c3)n2)cc1S(N)(=O)=O.Cl,MQHIQUBXFFAOMK-UHFFFAOYSA-N,103
763371,Ruxolitinib,CHEMBL1287854,N#CC[C@@H](C1CCCC1)n1cc(-c2ncnc3[nH]ccc23)cn1,ChEMBL,N#CC[C@@H](C1CCCC1)n1cc(-c2ncnc3[nH]ccc23)cn1,HFNKQEVNSGCOJV-HNNXBMFYSA-N,104
